{
  "model_path": "models/lstm_playlist_model.pt",
  "dynamic_evaluation": {
    "top_metrics": {
      "accuracy": 0.33762235386542666,
      "precision": 0.33441607009295865,
      "recall": 0.996815083763297,
      "f1_score": 0.500816078343521,
      "confusion_matrix": {
        "true_positives": 15649,
        "false_positives": 31146,
        "true_negatives": 252,
        "false_negatives": 50
      },
      "sample_count": 47097,
      "similarity_stats": {
        "mean": 0.988825710525426,
        "median": 0.9911679625511169,
        "min": 0.5515909790992737,
        "max": 0.9985929131507874
      },
      "threshold": 0.95
    },
    "long_metrics": {
      "accuracy": 0.33988494726749763,
      "precision": 0.33553160688434935,
      "recall": 1.0,
      "f1_score": 0.5024689871130916,
      "confusion_matrix": {
        "true_positives": 2086,
        "false_positives": 4131,
        "true_negatives": 41,
        "false_negatives": 0
      },
      "sample_count": 6258,
      "similarity_stats": {
        "mean": 0.988452077873906,
        "median": 0.9907811880111694,
        "min": 0.9312748312950134,
        "max": 0.9982786178588867
      },
      "threshold": 0.95
    },
    "processing_stats": {
      "processed": 12521,
      "errors": 7643,
      "empty_batches": 0
    },
    "thresholds": {
      "top": 0.95,
      "long": 0.95
    }
  },
  "topk_evaluation": {
    "accuracies": {
      "1": 0.1771050141911069,
      "5": 0.44810177705977383,
      "10": 0.5305785123966942,
      "20": 0.6286173633440515
    },
    "correct": {
      "1": 2808,
      "5": 4438,
      "10": 2568,
      "20": 782
    },
    "total": 15855,
    "errors": 481
  },
  "embedding_coverage": {
    "top_songs": 0.768,
    "long_tail_songs": 0.474
  },
  "evaluation_time": 1206.454517841339,
  "model_info": {
    "hidden_dim": 1536,
    "num_layers": 2
  }
}