{
  "model_path": "models/noise_models/lstm_noise_gaussian_0.05_all.pt",
  "noise_config": {
    "type": "gaussian",
    "level": 0.1,
    "dims": "all",
    "stats": {
      "noise_type": "gaussian",
      "noise_level": 0.1,
      "total_embeddings": 2128179,
      "avg_noise_magnitude": 61.27776884487167
    }
  },
  "dynamic_evaluation": {
    "top_metrics": {
      "accuracy": 0.3388475000488845,
      "precision": 0.33469403853359364,
      "recall": 0.9956003988971667,
      "f1_score": 0.500974083476002,
      "confusion_matrix": {
        "true_positives": 16972,
        "false_positives": 33737,
        "true_negatives": 357,
        "false_negatives": 75
      },
      "sample_count": 51141,
      "similarity_stats": {
        "mean": 0.9859535956184151,
        "median": 0.9880930781364441,
        "min": 0.5446464419364929,
        "max": 0.9957300424575806
      },
      "threshold": 0.95
    },
    "long_metrics": {
      "accuracy": 0.3398366606170599,
      "precision": 0.335515299132288,
      "recall": 1.0,
      "f1_score": 0.5024507010144762,
      "confusion_matrix": {
        "true_positives": 2204,
        "false_positives": 4365,
        "true_negatives": 43,
        "false_negatives": 0
      },
      "sample_count": 6612,
      "similarity_stats": {
        "mean": 0.9856961027770351,
        "median": 0.9877303242683411,
        "min": 0.9084941744804382,
        "max": 0.9957300424575806
      },
      "threshold": 0.95
    },
    "processing_stats": {
      "processed": 13820,
      "errors": 8277,
      "empty_batches": 0
    },
    "thresholds": {
      "top": 0.95,
      "long": 0.95
    }
  },
  "topk_evaluation": {
    "accuracies": {
      "1": 0.17924693010533668,
      "5": 0.38699599726642586,
      "10": 0.4709638794651766,
      "20": 0.5599694423223835
    },
    "correct": {
      "1": 3080,
      "5": 3964,
      "10": 2360,
      "20": 733
    },
    "total": 17183,
    "errors": 733
  },
  "embedding_coverage": {
    "top_songs": 0.768,
    "long_tail_songs": 0.474
  },
  "evaluation_time": 3272.081027507782,
  "model_info": {
    "hidden_dim": 1536,
    "num_layers": 2
  },
  "dataset_info": {
    "size": 17929,
    "min_songs": 2
  }
}